id,first_name,last_name,email,gender,ip_address
1,Dicky,Penrose,dpenrose0@blogspot.com,Male,225.33.152.55
2,Elsy,Bailie,ebailie1@reference.com,Female,224.12.11.111
3,Ulrike,Banaszczyk,ubanaszczyk2@google.com,Female,155.176.207.42
4,Davin,Hunnicutt,dhunnicutt3@w3.org,Male,200.31.160.192
5,Efrem,Dorro,edorro4@vkontakte.ru,Male,3.165.149.93
6,Willi,Buckler,wbuckler5@com.com,Male,54.63.1.181
7,Loree,Doyle,ldoyle6@1688.com,Female,184.115.200.214
8,Humbert,Dunstone,hdunstone7@ustream.tv,Male,129.51.237.34
9,Wileen,Colquhoun,wcolquhoun8@cocolog-nifty.com,Polygender,146.146.80.222
10,Davie,Gimbart,dgimbart9@hostgator.com,Male,134.220.115.124
11,Darcy,Gaywood,dgaywooda@biglobe.ne.jp,Female,65.70.168.33
12,Pall,O' Hanvey,pohanveyb@cnbc.com,Male,221.144.102.132
13,Fannie,Gutowski,fgutowskic@archive.org,Female,235.242.248.18
14,Marita,Goodoune,mgoodouned@comsenz.com,Female,158.109.171.86
15,Clem,Tarquini,ctarquinie@webmd.com,Genderqueer,122.232.150.60
16,Aluin,Broster,abrosterf@nps.gov,Male,34.230.200.195
17,Rick,Castillo,rcastillog@wix.com,Male,102.234.65.167
18,Brien,McKague,bmckagueh@amazon.com,Agender,60.224.91.114
19,Cicely,Humbert,chumberti@netvibes.com,Female,165.102.171.159
20,Amandy,Siret,asiretj@mozilla.org,Female,175.109.86.232
21,Cari,Twidle,ctwidlek@wsj.com,Female,17.15.182.12
22,Tammie,Borlease,tborleasel@is.gd,Female,159.243.33.3
23,Frasquito,Esch,feschm@sbwire.com,Male,205.115.212.74
24,Niall,Stiven,nstivenn@mail.ru,Male,187.120.199.145
25,Wainwright,Jeannot,wjeannoto@bigcartel.com,Male,249.20.156.212
26,Wendeline,Culcheth,wculchethp@xing.com,Female,116.82.25.189
27,Guy,Lester,glesterq@liveinternet.ru,Male,149.133.183.64
28,Andrus,Pavey,apaveyr@ustream.tv,Male,176.180.131.186
29,Anton,Selburn,aselburns@uol.com.br,Male,113.142.202.74
30,Corbet,McCreery,cmccreeryt@howstuffworks.com,Male,168.4.105.95
31,Mike,Allmark,mallmarku@booking.com,Male,122.215.209.198
32,Prue,Blunt,pbluntv@mysql.com,Female,104.169.70.45
33,Farris,Clears,fclearsw@wp.com,Male,126.29.18.121
34,Rivalee,Deschlein,rdeschleinx@deviantart.com,Female,117.89.88.64
35,Gaston,Maleham,gmalehamy@state.tx.us,Male,44.230.90.159
36,Aaren,Limbrick,alimbrickz@sakura.ne.jp,Female,54.109.144.29
37,Jeffry,Braid,jbraid10@dyndns.org,Non-binary,90.184.38.23
38,Lin,Lumby,llumby11@ft.com,Female,34.111.106.198
39,Becca,Buffin,bbuffin12@hhs.gov,Female,255.153.232.17
40,Dennison,Camosso,dcamosso13@altervista.org,Male,246.208.216.17
41,Allix,Crat,acrat14@reference.com,Female,82.90.148.31
42,Gearalt,Saing,gsaing15@devhub.com,Male,138.121.63.139
43,Jewell,Hemerijk,jhemerijk16@intel.com,Female,41.152.130.238
44,Emilia,Gillimgham,egillimgham17@issuu.com,Female,177.128.12.148
45,Margalit,Hardy,mhardy18@ucla.edu,Female,26.49.223.88
46,Gabriello,Bierman,gbierman19@dedecms.com,Male,230.176.246.146
47,Gerry,Gummary,ggummary1a@noaa.gov,Male,180.199.41.122
48,Ralina,O'Hickee,rohickee1b@wikia.com,Female,212.237.139.209
49,Griff,Curphey,gcurphey1c@ihg.com,Male,71.195.228.190
50,Martie,Shannon,mshannon1d@virginia.edu,Male,169.26.0.121
51,Tiena,Chattington,tchattington1e@sphinn.com,Female,183.252.249.114
52,Ruggiero,Shackesby,rshackesby1f@nyu.edu,Male,202.192.226.28
53,Riccardo,Ligerton,rligerton1g@about.me,Male,164.163.79.159
54,Herold,Lorking,hlorking1h@forbes.com,Male,66.57.25.202
55,Rory,Ege,rege1i@mit.edu,Female,222.201.160.51
56,Chrisse,Senechault,csenechault1j@latimes.com,Male,40.255.117.100
57,Consolata,Spirit,cspirit1k@nps.gov,Female,234.246.232.66
58,Mahala,Coultass,mcoultass1l@g.co,Female,138.196.138.167
59,Norrie,Garnall,ngarnall1m@examiner.com,Female,178.30.115.22
60,Levy,Isoldi,lisoldi1n@yelp.com,Male,133.27.165.34
61,Arlan,Daines,adaines1o@g.co,Male,127.122.156.170
62,Fallon,Giocannoni,fgiocannoni1p@auda.org.au,Female,182.221.89.231
63,Wilmar,Sprake,wsprake1q@theglobeandmail.com,Male,179.68.234.74
64,Nev,Thomasson,nthomasson1r@prnewswire.com,Male,222.7.147.98
65,Rhodie,Chilcotte,rchilcotte1s@nature.com,Female,194.13.251.1
66,Nettle,Benkhe,nbenkhe1t@uol.com.br,Female,202.109.39.182
67,Devon,Cassin,dcassin1u@cam.ac.uk,Female,142.84.45.123
68,Sheffield,Clyant,sclyant1v@columbia.edu,Male,197.119.14.80
69,Penny,Savidge,psavidge1w@harvard.edu,Male,53.123.12.201
70,Tobye,Blaschke,tblaschke1x@etsy.com,Female,92.231.120.215
71,Sinclair,Millyard,smillyard1y@cocolog-nifty.com,Male,243.147.14.77
72,Aurel,Klich,aklich1z@bbb.org,Female,7.7.53.182
73,Oralia,Sola,osola20@about.com,Female,97.22.140.24
74,Lutero,Studdert,lstuddert21@shop-pro.jp,Male,192.126.83.133
75,Rozalie,Gonnard,rgonnard22@wsj.com,Female,226.12.223.169
76,Osgood,Biss,obiss23@dell.com,Male,24.124.66.92
77,Walker,Rodenburgh,wrodenburgh24@un.org,Male,104.82.229.119
78,Katya,Dalli,kdalli25@pen.io,Female,19.197.209.176
79,Nikki,Eccersley,neccersley26@technorati.com,Female,213.111.29.192
80,Jerry,Goullee,jgoullee27@mlb.com,Female,30.197.251.241
81,Dale,Blackstone,dblackstone28@yale.edu,Female,3.239.235.209
82,Moe,Bassingden,mbassingden29@infoseek.co.jp,Agender,188.171.164.243
83,Gherardo,Vizard,gvizard2a@skype.com,Male,94.55.160.26
84,Krishna,Rooke,krooke2b@va.gov,Male,218.94.249.234
85,Lemar,Ironmonger,lironmonger2c@army.mil,Male,19.241.58.12
86,Merridie,Charley,mcharley2d@upenn.edu,Female,150.235.88.69
87,Kim,Stapells,kstapells2e@npr.org,Female,30.23.212.197
88,Jeniece,Kirlin,jkirlin2f@oracle.com,Female,115.90.222.94
89,Tomasina,Tuffley,ttuffley2g@seesaa.net,Female,244.169.134.249
90,Valli,Gaskal,vgaskal2h@newyorker.com,Female,95.103.213.238
91,Fraze,Obee,fobee2i@seesaa.net,Male,113.153.223.16
92,Hannis,Bertolin,hbertolin2j@addthis.com,Non-binary,117.47.22.14
93,Kelila,Rivelin,krivelin2k@yandex.ru,Female,161.237.96.32
94,Annmaria,Leehane,aleehane2l@ed.gov,Female,112.37.248.71
95,Issi,Adamo,iadamo2m@who.int,Female,116.70.3.168
96,Mallory,Meco,mmeco2n@indiegogo.com,Polygender,245.184.187.159
97,Lyle,Jouandet,ljouandet2o@1688.com,Male,35.30.127.251
98,Adrian,O'Cannan,aocannan2p@about.com,Male,48.142.181.63
99,Abbie,Playfair,aplayfair2q@discovery.com,Male,121.68.168.241
100,Cullie,Mallison,cmallison2r@noaa.gov,Male,22.213.137.238
101,Griff,Harper,gharper2s@bravesites.com,Male,3.3.11.42
102,Darrin,Berk,dberk2t@4shared.com,Male,222.99.175.101
103,Jaimie,Jacques,jjacques2u@usa.gov,Male,237.50.49.205
104,Geoffrey,McTear,gmctear2v@webeden.co.uk,Male,100.93.246.34
105,Dania,Elwyn,delwyn2w@bravesites.com,Female,97.5.8.229
106,Tilly,Paulley,tpaulley2x@about.com,Female,116.38.241.88
107,Germana,Channing,gchanning2y@mayoclinic.com,Female,32.181.137.214
108,Tedi,Gostage,tgostage2z@toplist.cz,Female,110.64.234.250
109,Zechariah,Aughtie,zaughtie30@sciencedirect.com,Male,6.14.50.244
110,Danni,Tilston,dtilston31@mozilla.org,Female,7.198.101.106
111,Pauli,Dodworth,pdodworth32@plala.or.jp,Female,237.224.7.179
112,Jonathan,Bohler,jbohler33@tuttocitta.it,Male,2.98.56.120
113,Gabrielle,Hughlock,ghughlock34@icq.com,Female,11.209.50.36
114,Gregoor,Mac Giany,gmacgiany35@hugedomains.com,Male,81.237.62.188
115,Pearl,Cobelli,pcobelli36@omniture.com,Female,69.71.103.254
116,Enrika,MacLaig,emaclaig37@dion.ne.jp,Female,145.149.1.55
117,Natty,Buy,nbuy38@marketwatch.com,Male,145.134.115.78
118,Conchita,Joubert,cjoubert39@bandcamp.com,Female,66.212.186.108
119,Iorgo,Ladbrook,iladbrook3a@walmart.com,Male,73.13.251.124
120,Eimile,Sercombe,esercombe3b@epa.gov,Female,178.109.69.32
121,Wynnie,Jerzyk,wjerzyk3c@icq.com,Female,167.223.89.107
122,Carolee,Viger,cviger3d@flickr.com,Female,56.65.193.175
123,Janelle,Gartery,jgartery3e@comsenz.com,Female,181.117.72.231
124,Heida,Petegre,hpetegre3f@flavors.me,Female,156.69.155.72
125,Parnell,Gianolo,pgianolo3g@google.com,Male,178.72.34.12
126,Yulma,Melding,ymelding3h@pinterest.com,Male,215.39.195.128
127,Robena,Facer,rfacer3i@census.gov,Female,99.246.127.18
128,Mercedes,Thumann,mthumann3j@msu.edu,Female,51.215.228.211
129,Lincoln,Goodchild,lgoodchild3k@cargocollective.com,Genderfluid,242.150.189.147
130,Dani,Skipsey,dskipsey3l@privacy.gov.au,Male,48.42.118.20
131,Justin,Farnin,jfarnin3m@e-recht24.de,Bigender,173.28.128.246
132,Shea,Buzzing,sbuzzing3n@delicious.com,Male,60.35.198.218
133,Hildegaard,Arpino,harpino3o@nytimes.com,Bigender,108.220.92.113
134,Mellicent,Berryann,mberryann3p@meetup.com,Bigender,174.241.185.48
135,Kelcie,Bungey,kbungey3q@blogspot.com,Female,76.244.153.17
136,Yard,Lampe,ylampe3r@myspace.com,Male,2.90.140.173
137,Jacinta,Plampeyn,jplampeyn3s@google.fr,Female,245.3.173.43
138,Victoir,O'Mohun,vomohun3t@parallels.com,Male,53.0.106.73
139,Liesa,Bagnal,lbagnal3u@techcrunch.com,Female,250.74.75.83
140,Sharl,Tidball,stidball3v@posterous.com,Female,135.179.176.205
141,Josiah,Bazell,jbazell3w@smh.com.au,Agender,237.123.31.5
142,Kaitlyn,Dilgarno,kdilgarno3x@ocn.ne.jp,Female,127.83.42.49
143,Marty,Castellaccio,mcastellaccio3y@list-manage.com,Male,105.153.243.140
144,Antonino,McGrudder,amcgrudder3z@dailymail.co.uk,Male,251.70.242.207
145,Giusto,Sherrin,gsherrin40@hao123.com,Male,136.63.255.232
146,Jemima,Adnams,jadnams41@hexun.com,Genderfluid,34.71.17.206
147,Shanan,Lineham,slineham42@miitbeian.gov.cn,Male,55.53.226.123
148,Marijn,Langelay,mlangelay43@multiply.com,Male,6.65.156.86
149,Rafa,Ingry,ringry44@mapquest.com,Female,247.73.74.120
150,Karee,Fenemore,kfenemore45@mozilla.com,Female,225.15.185.191
151,Bartie,Tyght,btyght46@amazon.co.jp,Male,58.143.168.89
152,Gardner,Thonason,gthonason47@examiner.com,Male,164.7.240.234
153,Rea,Schaffler,rschaffler48@live.com,Female,53.242.232.189
154,Brady,Hymas,bhymas49@toplist.cz,Male,80.102.22.211
155,Portie,Perfili,pperfili4a@51.la,Male,255.80.74.29
156,Godart,Livingston,glivingston4b@yelp.com,Male,150.41.186.0
157,Glenn,Freed,gfreed4c@google.cn,Male,201.234.200.245
158,Bertina,Lethibridge,blethibridge4d@tripadvisor.com,Female,217.236.118.248
159,Tallie,Lippett,tlippett4e@nih.gov,Female,57.212.159.223
160,Belinda,Vannuccinii,bvannuccinii4f@clickbank.net,Female,122.133.29.218
161,Nikoletta,Pinner,npinner4g@booking.com,Female,182.31.42.150
162,Berke,Gerwood,bgerwood4h@slate.com,Agender,237.86.176.254
163,Agna,Randleson,arandleson4i@intel.com,Female,204.179.195.19
164,Madelon,Thyng,mthyng4j@earthlink.net,Female,126.44.148.144
165,Wyatan,Capewell,wcapewell4k@ning.com,Male,124.9.26.230
166,Yelena,O'Kennavain,yokennavain4l@nifty.com,Female,187.123.36.31
167,Catherin,Edel,cedel4m@harvard.edu,Female,24.4.182.225
168,Allix,McKleod,amckleod4n@tinypic.com,Female,154.206.70.111
169,Antonetta,Cockaday,acockaday4o@angelfire.com,Female,40.213.122.16
170,Ashlie,Petrelluzzi,apetrelluzzi4p@sun.com,Female,160.0.254.98
171,Lorin,Redwood,lredwood4q@eepurl.com,Male,137.193.87.80
172,Enrichetta,Lamberteschi,elamberteschi4r@google.com,Female,155.250.225.156
173,Corny,Townby,ctownby4s@cnn.com,Female,141.184.83.178
174,Faith,Dorning,fdorning4t@merriam-webster.com,Female,185.191.0.170
175,Zitella,Purry,zpurry4u@shareasale.com,Female,55.62.22.176
176,Alvera,Bursnell,abursnell4v@dell.com,Female,121.113.159.125
177,Price,Lebel,plebel4w@reuters.com,Male,38.201.229.224
178,Dawn,Clouter,dclouter4x@google.com,Female,99.57.3.154
179,Iver,Northedge,inorthedge4y@dedecms.com,Male,112.182.114.172
180,Itch,Dudding,idudding4z@is.gd,Male,51.154.242.168
181,Ansell,Sparrow,asparrow50@smh.com.au,Male,10.130.140.247
182,Marylou,Glanz,mglanz51@amazon.com,Female,218.197.41.47
183,Eddi,Bartos,ebartos52@princeton.edu,Agender,164.40.161.253
184,Lonnie,Newton,lnewton53@tripod.com,Male,180.42.63.78
185,Eward,Cham,echam54@indiegogo.com,Male,137.229.246.180
186,Karla,Haskett,khaskett55@pcworld.com,Female,179.182.135.92
187,Carlie,Corck,ccorck56@buzzfeed.com,Female,116.114.156.189
188,Starr,Chrispin,schrispin57@wiley.com,Female,98.118.65.2
189,Elise,Yearsley,eyearsley58@yolasite.com,Non-binary,6.0.53.203
190,Derby,Vickars,dvickars59@odnoklassniki.ru,Male,56.153.59.204
191,Alwin,Rockall,arockall5a@pinterest.com,Polygender,38.37.52.81
192,Farica,Aven,faven5b@ucsd.edu,Female,36.233.49.220
193,Stewart,Wenban,swenban5c@usnews.com,Male,159.116.8.52
194,Arlana,Lyster,alyster5d@whitehouse.gov,Female,17.214.21.206
195,Geordie,Bangiard,gbangiard5e@blinklist.com,Male,178.83.129.18
196,Jozef,Crocombe,jcrocombe5f@nsw.gov.au,Male,69.188.32.242
197,Blaire,Loosemore,bloosemore5g@sciencedaily.com,Female,32.54.185.132
198,Rory,MacCostye,rmaccostye5h@sakura.ne.jp,Male,253.250.175.74
199,Shanan,Stedman,sstedman5i@biblegateway.com,Male,48.227.179.34
200,Spencer,Ericsson,sericsson5j@weather.com,Male,215.180.152.118
201,Cindee,Urling,curling5k@desdev.cn,Female,23.232.41.87
202,Kathrine,Ciepluch,kciepluch5l@tripadvisor.com,Female,207.103.239.73
203,Pippy,Callicott,pcallicott5m@cisco.com,Female,160.150.72.246
204,Manon,Benditt,mbenditt5n@sciencedaily.com,Female,163.159.153.10
205,Skipton,Yaldren,syaldren5o@istockphoto.com,Male,241.5.223.6
206,Alethea,Levee,alevee5p@google.com.au,Female,157.216.40.252
207,Theodosia,Cartwight,tcartwight5q@earthlink.net,Genderfluid,247.216.95.10
208,Mandy,Hulls,mhulls5r@google.es,Female,229.166.82.59
209,Griffith,Dallin,gdallin5s@spiegel.de,Male,130.167.65.140
210,Jody,Pooley,jpooley5t@mozilla.com,Male,128.22.1.74
211,Antin,Bennis,abennis5u@nhs.uk,Male,206.195.17.229
212,Zacharia,Benito,zbenito5v@reverbnation.com,Male,170.1.88.132
213,Olga,Heine,oheine5w@goodreads.com,Female,194.7.130.79
214,Cyndie,McNickle,cmcnickle5x@mashable.com,Female,7.190.148.174
215,Louisa,Askwith,laskwith5y@dailymotion.com,Genderqueer,234.174.23.122
216,Emeline,Whittenbury,ewhittenbury5z@npr.org,Agender,112.243.65.26
217,Eryn,Fever,efever60@123-reg.co.uk,Female,145.101.255.38
218,Felita,Mitchelhill,fmitchelhill61@addtoany.com,Female,153.122.127.7
219,Easter,Stanbrooke,estanbrooke62@nydailynews.com,Female,14.250.163.143
220,Barron,Pinckstone,bpinckstone63@example.com,Male,112.17.252.199
221,Emmott,Hartup,ehartup64@bluehost.com,Male,200.58.17.195
222,Meredith,Corryer,mcorryer65@apache.org,Male,99.72.131.145
223,Cyndy,Dmisek,cdmisek66@sbwire.com,Female,5.49.148.56
224,Ingram,Cockshoot,icockshoot67@unesco.org,Male,250.10.223.14
225,Agatha,Linton,alinton68@theglobeandmail.com,Non-binary,167.20.171.64
226,Dilan,Spurrior,dspurrior69@archive.org,Male,176.66.115.51
227,Towny,Downey,tdowney6a@mit.edu,Male,37.190.128.252
228,Alic,Simonnin,asimonnin6b@cbsnews.com,Male,84.93.27.204
229,Isabeau,Paragreen,iparagreen6c@sphinn.com,Female,137.61.61.173
230,Steven,Pigny,spigny6d@t.co,Male,222.198.36.178
231,Alfreda,Hayen,ahayen6e@ucla.edu,Female,151.56.139.46
232,Michal,Gladbach,mgladbach6f@senate.gov,Female,40.203.182.217
233,Wit,Dolohunty,wdolohunty6g@youtu.be,Male,5.183.160.85
234,Ramon,Neles,rneles6h@smh.com.au,Male,49.59.166.11
235,Julie,Fluck,jfluck6i@unblog.fr,Male,31.6.87.186
236,Ortensia,Trelevan,otrelevan6j@un.org,Female,108.154.128.150
237,Lincoln,Woller,lwoller6k@yahoo.com,Male,73.13.196.42
238,Wallis,Firsby,wfirsby6l@multiply.com,Male,105.222.154.24
239,Carmelina,Genge,cgenge6m@mozilla.org,Female,226.255.218.202
240,Chen,Caulcutt,ccaulcutt6n@nydailynews.com,Male,13.234.71.125
241,Alva,Raunds,araunds6o@parallels.com,Male,246.248.192.79
242,Cullie,Poller,cpoller6p@amazon.co.jp,Male,94.151.173.33
243,Dominique,Hurry,dhurry6q@google.de,Female,107.16.157.8
244,Nerty,Whifen,nwhifen6r@jugem.jp,Female,163.194.212.13
245,Dedie,Wombwell,dwombwell6s@tripod.com,Female,41.61.222.124
246,Derrek,Kinnoch,dkinnoch6t@behance.net,Male,105.253.71.102
247,Sigmund,Eilles,seilles6u@sun.com,Male,165.146.121.87
248,Herby,Ryman,hryman6v@yellowbook.com,Male,210.149.200.216
249,Debor,Binny,dbinny6w@yolasite.com,Female,29.240.236.50
250,Ashley,Mather,amather6x@europa.eu,Male,248.61.236.149
251,Dewain,Gainor,dgainor6y@paginegialle.it,Male,104.94.128.148
252,Nari,Masselin,nmasselin6z@timesonline.co.uk,Female,103.65.150.204
253,Lorita,Lorrimer,llorrimer70@cbc.ca,Female,5.38.169.113
254,Bobbette,Probbings,bprobbings71@bravesites.com,Female,6.237.64.104
255,Ado,Swait,aswait72@nih.gov,Male,178.175.197.71
256,Nil,Yakushkin,nyakushkin73@bloglines.com,Male,110.199.168.125
257,Barbi,Bunkle,bbunkle74@biblegateway.com,Polygender,102.185.242.126
258,Henrie,Crissil,hcrissil75@dailymotion.com,Female,131.114.180.60
259,Gunther,Marti,gmarti76@t-online.de,Male,53.227.151.147
260,Cassandre,Minithorpe,cminithorpe77@cafepress.com,Female,68.97.182.91
261,Idelle,Maingot,imaingot78@google.co.uk,Female,33.28.170.153
262,Everard,Shackelton,eshackelton79@mail.ru,Male,152.217.173.95
263,Haywood,Fuentez,hfuentez7a@unc.edu,Male,105.156.168.38
264,Ernestus,Kolodziej,ekolodziej7b@dell.com,Male,68.213.219.172
265,Simeon,Westby,swestby7c@walmart.com,Male,236.20.56.151
266,Freedman,Freezer,ffreezer7d@wp.com,Male,182.222.172.29
267,Wain,McCorkindale,wmccorkindale7e@tmall.com,Male,52.107.4.152
268,Phelia,Bruggeman,pbruggeman7f@topsy.com,Female,67.80.88.198
269,Astrid,Skully,askully7g@pagesperso-orange.fr,Female,160.200.176.233
270,Caritta,McAreavey,cmcareavey7h@aboutads.info,Female,203.0.199.240
271,Chloe,Boffin,cboffin7i@soundcloud.com,Female,118.109.46.64
272,D'arcy,Zuan,dzuan7j@intel.com,Male,22.105.27.212
273,Iggy,Demchen,idemchen7k@geocities.com,Male,43.219.188.187
274,Isabeau,Reaney,ireaney7l@4shared.com,Female,146.104.33.241
275,Gavra,Derobert,gderobert7m@addthis.com,Female,59.151.187.245
276,Lily,Hue,lhue7n@shareasale.com,Female,87.202.233.29
277,Marilin,Dabinett,mdabinett7o@google.com.au,Non-binary,188.121.145.254
278,Denys,Foulsham,dfoulsham7p@rediff.com,Female,85.224.180.103
279,Jackqueline,Deeth,jdeeth7q@mashable.com,Female,154.65.32.48
280,Jo-ann,Bilbey,jbilbey7r@blinklist.com,Female,82.162.229.76
281,Hollie,Fulloway,hfulloway7s@webnode.com,Female,158.233.213.95
282,Sayer,Taudevin,staudevin7t@sbwire.com,Male,129.3.210.153
283,Karole,Packham,kpackham7u@wiley.com,Female,99.203.115.167
284,Chrissie,Lyness,clyness7v@ebay.com,Male,213.87.17.150
285,Del,Pettingill,dpettingill7w@mozilla.org,Male,134.124.33.68
286,Michelle,Mathiasen,mmathiasen7x@fda.gov,Female,223.23.76.0
287,Ada,Skeats,askeats7y@jugem.jp,Female,44.187.65.186
288,Friedrick,Smorthwaite,fsmorthwaite7z@answers.com,Male,107.67.154.66
289,Parrnell,Verrell,pverrell80@stumbleupon.com,Male,82.165.142.27
290,Alwin,Busfield,abusfield81@go.com,Male,33.181.37.244
291,Sumner,Cappleman,scappleman82@cafepress.com,Male,64.237.203.98
292,Eydie,Greep,egreep83@cargocollective.com,Genderqueer,34.139.176.13
293,Otis,Moreinu,omoreinu84@artisteer.com,Male,75.11.75.2
294,Diena,Guterson,dguterson85@exblog.jp,Female,40.121.53.250
295,Karol,Presslie,kpresslie86@stanford.edu,Polygender,190.82.251.175
296,Ives,Willmot,iwillmot87@printfriendly.com,Male,23.6.3.224
297,Joanie,Amer,jamer88@harvard.edu,Female,126.242.198.62
298,Ed,Geraldini,egeraldini89@si.edu,Male,15.73.92.125
299,Olenolin,Dalligan,odalligan8a@hhs.gov,Male,159.157.203.38
300,Feodor,Moralis,fmoralis8b@dell.com,Male,251.16.127.85
301,Meir,Faulkener,mfaulkener8c@comcast.net,Male,42.50.183.249
302,August,Pruce,apruce8d@google.fr,Male,142.95.160.26
303,Aubry,Delete,adelete8e@rambler.ru,Female,214.177.157.153
304,Hetti,Mantha,hmantha8f@last.fm,Female,97.15.247.175
305,Fanya,Heppner,fheppner8g@cmu.edu,Female,78.177.163.119
306,Tara,Burland,tburland8h@china.com.cn,Female,224.196.22.252
307,Amie,Luckcock,aluckcock8i@ed.gov,Female,8.229.2.197
308,Kimberley,Baggallay,kbaggallay8j@feedburner.com,Female,9.140.99.73
309,Paulette,Nutton,pnutton8k@census.gov,Female,111.109.219.136
310,Colene,Saxton,csaxton8l@cbc.ca,Female,173.56.10.123
311,Byron,Gooderick,bgooderick8m@usda.gov,Male,151.200.245.69
312,Darice,Robey,drobey8n@indiatimes.com,Female,118.49.43.134
313,Benoit,Wardrop,bwardrop8o@zimbio.com,Genderfluid,48.126.38.94
314,Denice,Burg,dburg8p@amazon.co.uk,Female,248.182.161.112
315,Valry,Gladtbach,vgladtbach8q@apache.org,Female,235.21.190.79
316,Randy,Burgin,rburgin8r@google.ca,Female,139.235.120.63
317,Eda,Pecht,epecht8s@auda.org.au,Bigender,6.151.181.39
318,Abbey,Bargery,abargery8t@eventbrite.com,Male,169.251.16.177
319,Gene,Mingey,gmingey8u@multiply.com,Genderfluid,115.70.185.47
320,Amargo,Catterell,acatterell8v@1688.com,Female,184.47.198.236
321,Griselda,Slessar,gslessar8w@list-manage.com,Female,83.107.177.71
322,Jacenta,Ellyatt,jellyatt8x@japanpost.jp,Female,217.180.114.108
323,Collete,Etchingham,cetchingham8y@blogtalkradio.com,Female,194.175.153.162
324,Aliza,Greatbatch,agreatbatch8z@disqus.com,Female,31.211.244.225
325,Bren,Dislee,bdislee90@so-net.ne.jp,Female,63.108.246.240
326,Clarinda,Momery,cmomery91@studiopress.com,Female,37.194.213.165
327,Ganny,Eim,geim92@baidu.com,Male,250.85.30.103
328,Rosy,Jakubovicz,rjakubovicz93@4shared.com,Female,128.199.122.194
329,Ilka,Weine,iweine94@chicagotribune.com,Non-binary,10.120.208.243
330,Doris,Dalloway,ddalloway95@nymag.com,Female,35.89.220.127
331,Halie,Czadla,hczadla96@typepad.com,Female,195.236.98.63
332,Hansiain,Spuffard,hspuffard97@flickr.com,Male,150.64.203.44
333,Sergent,Pantridge,spantridge98@statcounter.com,Male,229.82.17.88
334,Cleopatra,Fidge,cfidge99@istockphoto.com,Female,190.176.7.127
335,Chevy,Mably,cmably9a@bloglovin.com,Male,248.209.12.63
336,Jeffry,Niven,jniven9b@ca.gov,Male,128.53.62.143
337,Lisabeth,Waitland,lwaitland9c@live.com,Female,75.249.186.93
338,Thadeus,Labin,tlabin9d@washington.edu,Male,176.194.115.112
339,Jojo,Worsnup,jworsnup9e@usatoday.com,Female,22.251.222.151
340,Duncan,Easbie,deasbie9f@fda.gov,Male,119.167.135.182
341,Trev,Dillingston,tdillingston9g@constantcontact.com,Male,17.181.44.184
342,Averell,Lacoste,alacoste9h@github.com,Male,67.102.191.146
343,Anatol,Sallans,asallans9i@prnewswire.com,Male,184.219.13.165
344,Von,Jantzen,vjantzen9j@apple.com,Male,176.78.203.187
345,Euphemia,Noice,enoice9k@ucoz.ru,Female,166.108.159.62
346,Rodie,Eagland,reagland9l@loc.gov,Bigender,66.99.103.101
347,Lacie,Annice,lannice9m@hibu.com,Female,111.195.81.3
348,Mariska,Meyer,mmeyer9n@sitemeter.com,Female,57.244.89.179
349,Bradly,Buckenhill,bbuckenhill9o@yellowbook.com,Male,238.220.181.75
350,Guenevere,Reedie,greedie9p@newsvine.com,Female,119.45.168.6
351,Kerr,Allewell,kallewell9q@devhub.com,Male,58.20.39.237
352,Becca,Ammer,bammer9r@oakley.com,Female,105.89.242.21
353,Quintus,Sawbridge,qsawbridge9s@last.fm,Male,117.109.29.22
354,Rouvin,MacGibbon,rmacgibbon9t@epa.gov,Male,123.226.240.196
355,Stacy,Cool,scool9u@state.gov,Male,173.40.221.227
356,Gloriana,Kitteman,gkitteman9v@cnbc.com,Agender,232.19.93.136
357,Vincenty,Heilds,vheilds9w@china.com.cn,Male,193.43.72.16
358,Helenka,McSorley,hmcsorley9x@last.fm,Female,134.44.248.80
359,Dale,Braidford,dbraidford9y@disqus.com,Male,243.75.3.69
360,Haleigh,Bissell,hbissell9z@tumblr.com,Female,115.171.124.126
361,Katinka,Cotesford,kcotesforda0@samsung.com,Female,147.215.184.17
362,Fletch,Jewise,fjewisea1@i2i.jp,Non-binary,107.227.62.132
363,Tedmund,Gregolin,tgregolina2@wunderground.com,Male,19.217.13.221
364,Torrence,Brayley,tbrayleya3@dot.gov,Male,217.179.111.177
365,Temp,Cavolini,tcavolinia4@archive.org,Male,196.151.251.148
366,Kelci,Iorizzo,kiorizzoa5@bandcamp.com,Female,23.206.247.176
367,Stoddard,Dehmel,sdehmela6@opensource.org,Female,175.22.46.198
368,Michal,Uccelli,muccellia7@ocn.ne.jp,Agender,35.247.169.133
369,Reynolds,Sainsberry,rsainsberrya8@bbc.co.uk,Male,255.32.251.162
370,Wyatan,Dunklee,wdunkleea9@twitter.com,Male,89.254.173.157
371,Harriett,Kasher,hkasheraa@sbwire.com,Female,130.163.79.16
372,Royal,Banane,rbananeab@telegraph.co.uk,Genderfluid,47.142.94.206
373,Bidget,Sulter,bsulterac@aol.com,Female,141.208.184.142
374,Art,Rayner,araynerad@un.org,Male,137.48.20.118
375,Dunc,Posthill,dposthillae@irs.gov,Genderfluid,233.191.63.111
376,Marty,Feetham,mfeethamaf@stanford.edu,Male,68.97.167.151
377,Cobbie,Itscowicz,citscowiczag@topsy.com,Male,108.235.94.135
378,Kira,Jerrolt,kjerroltah@mac.com,Female,10.123.51.234
379,Lionel,Renfrew,lrenfrewai@ehow.com,Male,18.22.55.225
380,Eamon,Papaccio,epapaccioaj@cyberchimps.com,Male,160.30.98.16
381,Catina,Wendover,cwendoverak@tinyurl.com,Female,255.66.226.214
382,Casey,Walden,cwaldenal@loc.gov,Female,83.188.23.211
383,Prudi,Ailsbury,pailsburyam@cam.ac.uk,Female,171.121.23.236
384,Calhoun,Alleway,callewayan@ifeng.com,Male,170.185.207.2
385,Rudolf,Simpson,rsimpsonao@ebay.com,Male,196.177.15.180
386,Pearle,Bunney,pbunneyap@tuttocitta.it,Female,193.131.38.16
387,Hugh,Kobierra,hkobierraaq@ftc.gov,Male,211.29.238.187
388,Garland,MacMychem,gmacmychemar@cisco.com,Female,239.82.38.95
389,Mathilde,Feaviour,mfeaviouras@independent.co.uk,Female,107.224.51.169
390,Noby,Danahar,ndanaharat@diigo.com,Agender,53.221.95.71
391,Kincaid,Pedro,kpedroau@vinaora.com,Male,196.135.219.66
392,Raven,Kerfod,rkerfodav@sun.com,Genderfluid,101.224.5.104
393,Foster,Pook,fpookaw@mozilla.com,Male,91.186.74.3
394,Franciskus,Hailwood,fhailwoodax@boston.com,Male,78.5.71.184
395,Shari,Dandie,sdandieay@ca.gov,Female,207.140.102.54
396,Vanny,Handscomb,vhandscombaz@wordpress.org,Female,202.134.251.130
397,Montague,Riseam,mriseamb0@foxnews.com,Male,226.142.70.15
398,Sandie,Juris,sjurisb1@soundcloud.com,Female,217.121.89.26
399,Mollie,Angell,mangellb2@gizmodo.com,Female,121.17.61.153
400,Kleon,Cartmail,kcartmailb3@arstechnica.com,Male,125.15.211.49
401,Winnifred,Lanon,wlanonb4@businessweek.com,Polygender,177.138.232.141
402,Alfredo,Crabtree,acrabtreeb5@nymag.com,Genderqueer,151.175.207.153
403,Collette,Skynner,cskynnerb6@tripadvisor.com,Female,121.132.169.252
404,Chane,Balaizot,cbalaizotb7@twitpic.com,Male,190.208.55.224
405,Luz,Yakobovicz,lyakoboviczb8@purevolume.com,Agender,134.38.114.166
406,Marlon,Collingham,mcollinghamb9@wunderground.com,Male,143.42.110.19
407,Melvin,Priver,mpriverba@scribd.com,Male,82.0.240.130
408,Henri,Barstowk,hbarstowkbb@zimbio.com,Male,85.62.87.180
409,Gordon,Ishchenko,gishchenkobc@addtoany.com,Male,184.64.131.188
410,Cass,Habbal,chabbalbd@rediff.com,Female,249.228.79.251
411,Fulvia,Heine,fheinebe@canalblog.com,Female,194.47.202.33
412,Augusta,Curson,acursonbf@unblog.fr,Female,139.41.124.59
413,Daryn,Zuan,dzuanbg@booking.com,Bigender,82.153.134.245
414,Menard,Offner,moffnerbh@hubpages.com,Male,84.134.68.174
415,Issie,Lowerson,ilowersonbi@1688.com,Female,194.113.253.94
416,Dixie,Jurries,djurriesbj@google.de,Female,187.93.208.161
417,Carlynn,Gonzales,cgonzalesbk@liveinternet.ru,Female,62.85.41.201
418,Buck,Tigwell,btigwellbl@comcast.net,Male,222.85.104.139
419,Jordan,Grimbaldeston,jgrimbaldestonbm@cocolog-nifty.com,Male,174.77.1.189
420,Kliment,MacMickan,kmacmickanbn@cbc.ca,Male,137.53.61.239
421,Dela,Kless,dklessbo@stumbleupon.com,Female,30.123.76.109
422,Billy,Legge,bleggebp@si.edu,Male,193.196.35.74
423,Merola,Coyle,mcoylebq@fda.gov,Female,228.61.68.116
424,Caz,Domleo,cdomleobr@fc2.com,Male,176.232.82.62
425,Averil,Hambatch,ahambatchbs@scientificamerican.com,Male,26.125.162.212
426,Cathy,Moatt,cmoattbt@ft.com,Polygender,114.55.20.209
427,Colet,Riste,cristebu@google.com,Male,160.247.246.18
428,Moise,Brawson,mbrawsonbv@census.gov,Male,22.197.62.140
429,Raul,Wayte,rwaytebw@marriott.com,Male,111.32.87.173
430,Alastair,Mocher,amocherbx@sciencedirect.com,Male,237.209.177.151
431,Bryan,Meeking,bmeekingby@earthlink.net,Male,16.61.196.50
432,Sayre,Awde,sawdebz@about.me,Non-binary,105.115.62.124
433,Sheela,Twiggs,stwiggsc0@merriam-webster.com,Agender,2.158.59.154
434,Carlene,Posselow,cposselowc1@adobe.com,Female,190.94.89.177
435,Albie,Varney,avarneyc2@dailymail.co.uk,Male,226.149.249.82
436,Crissie,Picott,cpicottc3@aboutads.info,Female,148.199.187.250
437,Nicholas,Holehouse,nholehousec4@163.com,Male,229.21.176.58
438,Adler,Cadogan,acadoganc5@flavors.me,Male,238.145.116.166
439,Delora,Anderbrugge,danderbruggec6@51.la,Female,152.209.107.10
440,Janek,Dobbinson,jdobbinsonc7@google.nl,Male,103.233.169.209
441,Drusie,Sushams,dsushamsc8@bbb.org,Female,208.27.148.50
442,Dugald,Tick,dtickc9@etsy.com,Male,120.219.223.13
443,Gavan,Twatt,gtwattca@apache.org,Male,83.193.85.140
444,Dari,Alves,dalvescb@salon.com,Female,254.18.217.48
445,Adrian,Antczak,aantczakcc@dailymail.co.uk,Genderqueer,4.40.220.130
446,Symon,Persehouse,spersehousecd@qq.com,Male,129.18.254.212
447,Lawton,Stoakley,lstoakleyce@jalbum.net,Male,196.43.199.72
448,Bertha,Tregonna,btregonnacf@spiegel.de,Female,30.117.93.82
449,Burt,Hasely,bhaselycg@ustream.tv,Male,228.209.72.95
450,Barbaraanne,Vigietti,bvigiettich@yahoo.com,Female,184.126.155.201
451,Wesley,Eplate,weplateci@noaa.gov,Male,15.139.20.116
452,Dudley,Haysham,dhayshamcj@livejournal.com,Male,213.84.153.63
453,Stephanie,Cranch,scranchck@youku.com,Female,182.32.169.196
454,Laure,Vizor,lvizorcl@ca.gov,Female,153.92.152.97
455,Alon,Bennedsen,abennedsencm@trellian.com,Genderfluid,111.237.186.47
456,Benjie,Meddings,bmeddingscn@kickstarter.com,Genderqueer,79.202.141.18
457,Raddie,Cowe,rcoweco@mediafire.com,Male,23.74.143.244
458,Chiquia,Capelle,ccapellecp@auda.org.au,Female,91.36.49.78
459,Chadwick,Derrick,cderrickcq@hostgator.com,Male,10.153.195.57
460,Jobi,Atwill,jatwillcr@tiny.cc,Female,37.88.195.224
461,Mirabel,Reisen,mreisencs@economist.com,Female,1.248.139.124
462,Homere,Kamienski,hkamienskict@163.com,Male,118.176.184.75
463,Ross,Scandwright,rscandwrightcu@free.fr,Male,163.195.208.103
464,Graehme,Peert,gpeertcv@hexun.com,Male,120.206.233.99
465,Domingo,Bumpas,dbumpascw@trellian.com,Male,217.177.126.161
466,Swen,Guidi,sguidicx@1688.com,Male,98.54.135.144
467,Sisile,Hardwich,shardwichcy@squarespace.com,Female,139.192.153.0
468,Gweneth,Heeran,gheerancz@bloglines.com,Female,67.226.32.230
469,Lonni,Spridgen,lspridgend0@goodreads.com,Female,103.198.26.191
470,Donaugh,Phillput,dphillputd1@artisteer.com,Male,3.73.181.95
471,Violette,Flaxman,vflaxmand2@histats.com,Female,185.247.40.55
472,Kathlin,Godridge,kgodridged3@fotki.com,Female,90.156.237.146
473,Olive,Wodham,owodhamd4@wikia.com,Female,87.192.21.78
474,Say,Trevers,streversd5@dyndns.org,Male,84.82.100.79
475,Dena,Jessett,djessettd6@google.pl,Female,126.169.20.242
476,Mathilda,Healing,mhealingd7@w3.org,Female,50.52.202.87
477,Hadley,Scallon,hscallond8@dyndns.org,Male,83.37.241.191
478,Shandeigh,Guerrier,sguerrierd9@icq.com,Female,251.97.235.217
479,Jenn,Rableau,jrableauda@reddit.com,Female,69.219.217.41
480,Camile,Humble,chumbledb@ca.gov,Female,220.143.238.121
481,Petronella,Cinnamond,pcinnamonddc@surveymonkey.com,Female,211.208.50.107
482,Raven,Wixon,rwixondd@github.com,Female,206.93.175.131
483,Wang,Binne,wbinnede@alibaba.com,Male,116.125.107.128
484,Marilin,Dixcey,mdixceydf@topsy.com,Female,245.255.252.212
485,Bran,Streeten,bstreetendg@marketwatch.com,Male,227.203.155.225
486,Christel,Emmins,cemminsdh@elegantthemes.com,Female,186.125.46.166
487,Neilla,Taylorson,ntaylorsondi@latimes.com,Female,129.45.40.156
488,Ninetta,Chasteau,nchasteaudj@webmd.com,Female,23.208.119.157
489,Marshall,Oki,mokidk@phoca.cz,Male,37.162.179.7
490,Milt,Grinstead,mgrinsteaddl@dropbox.com,Male,7.109.250.32
491,Denys,Izacenko,dizacenkodm@about.me,Male,245.33.211.152
492,Esma,Brownjohn,ebrownjohndn@un.org,Female,219.170.232.34
493,Hanna,Handaside,hhandasidedo@theguardian.com,Female,194.63.57.225
494,Gilbertina,Buxam,gbuxamdp@photobucket.com,Female,37.154.41.235
495,Silvanus,Snepp,ssneppdq@jalbum.net,Male,199.252.44.139
496,Christi,Staten,cstatendr@cdbaby.com,Female,186.214.9.147
497,Abbott,O' Dooley,aodooleyds@cornell.edu,Male,30.130.40.96
498,Charmion,Borchardt,cborchardtdt@weibo.com,Female,110.130.111.250
499,Ofelia,Lace,olacedu@domainmarket.com,Female,50.244.66.165
500,Englebert,Benne,ebennedv@unesco.org,Bigender,18.114.239.0
501,Edwina,Basset,ebassetdw@drupal.org,Female,79.15.228.88
502,Maggie,Maffucci,mmaffuccidx@jigsy.com,Genderfluid,98.126.56.60
503,Tanner,Doring,tdoringdy@tripod.com,Male,226.183.88.31
504,Evita,Varvara,evarvaradz@java.com,Female,199.129.27.154
505,Lynette,Trayes,ltrayese0@newsvine.com,Female,169.172.236.235
506,Andonis,Seifenmacher,aseifenmachere1@artisteer.com,Male,8.31.122.180
507,Gothart,Duddin,gduddine2@mediafire.com,Male,56.29.20.1
508,Jaclyn,Lawlor,jlawlore3@archive.org,Female,143.205.173.197
509,Lotty,Fodden,lfoddene4@mashable.com,Female,25.148.231.21
510,Stuart,Verny,svernye5@ustream.tv,Male,24.45.10.153
511,Giacopo,Potkins,gpotkinse6@homestead.com,Agender,194.44.86.208
512,Wyatt,Adnett,wadnette7@nhs.uk,Male,163.26.209.232
513,Si,Lazarus,slazaruse8@xrea.com,Male,20.80.60.243
514,Ondrea,Woolsey,owoolseye9@google.ca,Female,209.174.22.57
515,Tiler,Willwood,twillwoodea@ed.gov,Male,213.83.236.232
516,Dasie,Pays,dpayseb@wikimedia.org,Female,23.110.44.35
517,Cherlyn,Drewet,cdrewetec@g.co,Female,243.12.12.24
518,Farly,Hagart,fhagarted@comcast.net,Male,229.247.56.224
519,Philippe,Seakings,pseakingsee@bigcartel.com,Female,206.39.165.68
520,Flynn,Rottger,frottgeref@walmart.com,Male,4.194.97.0
521,Myrta,Buckthorp,mbuckthorpeg@gnu.org,Female,26.238.177.103
522,Lianna,Dohmer,ldohmereh@go.com,Female,216.54.211.222
523,Leigha,Heustace,lheustaceei@joomla.org,Female,226.66.188.118
524,Emlynn,Dawkins,edawkinsej@about.me,Female,72.60.199.58
525,Katherina,Feasby,kfeasbyek@accuweather.com,Female,142.96.134.116
526,Thornie,Ivasechko,tivasechkoel@ucoz.com,Male,165.249.201.105
527,Durant,Ricca,driccaem@shop-pro.jp,Non-binary,82.110.243.214
528,Elane,Corah,ecorahen@scientificamerican.com,Female,149.210.8.73
529,Wesley,Chown,wchowneo@cbsnews.com,Male,36.193.132.243
530,Ricki,Asser,rasserep@flavors.me,Female,104.71.84.214
531,Bobina,Vasyukov,bvasyukoveq@scribd.com,Female,96.159.24.26
532,Aubrey,Morrison,amorrisoner@yandex.ru,Male,187.69.171.122
533,Sissie,Maciejewski,smaciejewskies@domainmarket.com,Agender,199.48.183.154
534,Rona,Smallcombe,rsmallcombeet@gmpg.org,Female,200.254.78.12
535,Giulio,Leete,gleeteeu@time.com,Male,172.162.174.5
536,Rayshell,Norheny,rnorhenyev@go.com,Female,159.48.1.131
537,Faye,Sizey,fsizeyew@sfgate.com,Female,196.189.11.15
538,Herminia,Wingfield,hwingfieldex@cmu.edu,Female,139.184.219.220
539,Jerry,Coltherd,jcoltherdey@jigsy.com,Female,75.24.222.113
540,Liuka,Whiteman,lwhitemanez@smugmug.com,Female,230.194.94.165
541,Rogers,Padgham,rpadghamf0@homestead.com,Male,121.252.17.164
542,Lisette,Ogan,loganf1@reference.com,Female,151.168.63.248
543,Letizia,Legonidec,llegonidecf2@aol.com,Female,203.120.38.210
544,Forrest,Worrall,fworrallf3@nsw.gov.au,Male,235.81.239.254
545,Flin,Bedbury,fbedburyf4@lulu.com,Male,120.28.125.54
546,Robby,Chiverton,rchivertonf5@wiley.com,Female,79.53.97.246
547,Julietta,Parrin,jparrinf6@pen.io,Female,156.11.236.88
548,Demetria,Beggan,dbegganf7@qq.com,Female,105.168.141.60
549,Claudio,Label,clabelf8@google.de,Male,152.34.179.24
550,Fernando,Stoite,fstoitef9@blinklist.com,Genderfluid,161.61.161.145
551,Rodrigo,Reubbens,rreubbensfa@github.com,Male,80.119.102.178
552,Sterling,Jamieson,sjamiesonfb@paypal.com,Male,143.201.217.45
553,Delcine,Bunworth,dbunworthfc@so-net.ne.jp,Female,215.80.155.243
554,Emlyn,Dwelly,edwellyfd@pen.io,Male,231.47.21.133
555,Kinnie,Bossom,kbossomfe@goo.gl,Male,7.250.18.223
556,Darelle,Oneile,doneileff@unblog.fr,Female,88.36.161.177
557,Alano,Secker,aseckerfg@tuttocitta.it,Male,244.209.212.218
558,Gery,Trippick,gtrippickfh@auda.org.au,Male,250.88.85.47
559,Rudyard,Ruckledge,rruckledgefi@sitemeter.com,Male,12.45.164.2
560,Maribel,Lazar,mlazarfj@cnet.com,Female,91.6.66.83
561,Harlene,McDougle,hmcdouglefk@nps.gov,Female,137.90.142.87
562,Rabbi,Townsend,rtownsendfl@infoseek.co.jp,Male,129.6.255.170
563,Brittne,Geffe,bgeffefm@wufoo.com,Female,202.36.100.87
564,Diane,Bahike,dbahikefn@adobe.com,Female,119.203.154.21
565,Padraic,Torald,ptoraldfo@theglobeandmail.com,Agender,163.255.20.60
566,Bale,Dalinder,bdalinderfp@amazon.de,Male,109.213.188.227
567,Major,Gogay,mgogayfq@diigo.com,Male,30.135.42.20
568,Smith,Rupp,sruppfr@merriam-webster.com,Male,169.55.86.15
569,Johnny,Le Gallo,jlegallofs@hc360.com,Agender,227.248.216.123
570,Julian,McCoole,jmccooleft@facebook.com,Male,138.86.71.253
571,Zaccaria,Doyley,zdoyleyfu@shareasale.com,Genderqueer,180.70.201.45
572,Jourdan,O'Gavin,jogavinfv@oracle.com,Female,224.33.164.88
573,Rudy,Windybank,rwindybankfw@mapquest.com,Male,6.203.69.142
574,Hubert,Bumby,hbumbyfx@deliciousdays.com,Genderqueer,131.184.177.77
575,Cheryl,Steinham,csteinhamfy@addtoany.com,Bigender,189.95.234.12
576,Johannah,Westcot,jwestcotfz@nature.com,Female,104.62.90.157
577,Justis,Haydney,jhaydneyg0@census.gov,Male,142.212.145.195
578,Gilburt,Van Geffen,gvangeffeng1@bloglines.com,Male,145.30.147.154
579,Virginie,Lempenny,vlempennyg2@sphinn.com,Female,239.65.113.220
580,Allene,Marrison,amarrisong3@dailymotion.com,Female,107.135.140.60
581,Colin,Roze,crozeg4@domainmarket.com,Male,252.153.248.233
582,Phillis,Russel,prusselg5@artisteer.com,Female,90.192.50.1
583,Alair,Suddick,asuddickg6@so-net.ne.jp,Male,174.97.175.2
584,Elisabeth,Ellwood,eellwoodg7@networksolutions.com,Female,58.99.40.226
585,Rey,Redish,rredishg8@salon.com,Female,29.164.53.40
586,Allsun,Aucoate,aaucoateg9@chicagotribune.com,Female,226.177.85.111
587,Melisse,Matskiv,mmatskivga@google.de,Female,180.165.25.12
588,Erroll,Southern,esoutherngb@ning.com,Male,252.15.190.175
589,Danyette,Cardow,dcardowgc@youku.com,Female,140.67.67.22
590,Kalli,Balas,kbalasgd@networksolutions.com,Female,98.168.135.2
591,Robers,Cerie,rceriege@homestead.com,Male,94.53.143.13
592,Steward,Treasaden,streasadengf@typepad.com,Male,105.19.185.1
593,Luke,Ferrini,lferrinigg@ovh.net,Male,222.246.101.42
594,Bertine,Willingam,bwillingamgh@blinklist.com,Female,75.242.185.42
595,Bert,Chatband,bchatbandgi@latimes.com,Male,4.231.10.66
596,Evelina,Earnshaw,eearnshawgj@google.de,Female,50.67.243.246
597,Caldwell,Zanni,czannigk@bloglovin.com,Male,223.151.99.243
598,Verla,Cannings,vcanningsgl@hugedomains.com,Female,169.15.178.66
599,Wynn,Maine,wmainegm@walmart.com,Male,13.28.95.67
600,Angelia,Chancelier,achanceliergn@slideshare.net,Female,140.86.194.59
601,Fabio,Wakely,fwakelygo@mlb.com,Male,111.195.30.71
602,Sheridan,Cona,sconagp@wp.com,Male,107.176.64.73
603,Lizette,Hullbrook,lhullbrookgq@ed.gov,Female,67.33.165.127
604,Norris,Burndred,nburndredgr@4shared.com,Male,121.45.231.227
605,Kevon,Dickman,kdickmangs@constantcontact.com,Male,13.68.16.4
606,Quentin,Pennock,qpennockgt@chicagotribune.com,Female,50.234.184.88
607,Iggie,Warde,iwardegu@google.com.hk,Male,219.255.131.253
608,Bryan,Wyldish,bwyldishgv@blogs.com,Male,150.200.164.56
609,Bren,Caskey,bcaskeygw@com.com,Male,104.76.155.51
610,Annadiane,Hasely,ahaselygx@ehow.com,Female,179.12.109.178
611,Liza,Minot,lminotgy@ameblo.jp,Female,107.6.109.163
612,Yuma,Went,ywentgz@canalblog.com,Male,87.234.254.70
613,Adolphe,Liven,alivenh0@alexa.com,Male,24.140.115.135
614,Ertha,Dwyer,edwyerh1@woothemes.com,Genderfluid,91.66.252.154
615,Malachi,Freear,mfreearh2@si.edu,Agender,123.8.78.83
616,Lavinia,Cawthery,lcawtheryh3@weather.com,Female,182.213.43.199
617,Jose,Szach,jszachh4@dyndns.org,Male,146.207.108.194
618,Ivan,Louis,ilouish5@netlog.com,Male,233.98.34.251
619,Zaneta,Beekmann,zbeekmannh6@tiny.cc,Female,222.16.19.80
620,Gaye,Stearne,gstearneh7@oakley.com,Female,118.84.94.61
621,Reese,Lambis,rlambish8@shop-pro.jp,Male,88.90.46.204
622,Korella,Knewstubb,kknewstubbh9@nba.com,Female,8.44.58.227
623,Silvanus,Bridgeman,sbridgemanha@boston.com,Male,86.104.220.218
624,Wesley,Matten,wmattenhb@xinhuanet.com,Male,131.251.188.27
625,Leoline,Stanford,lstanfordhc@e-recht24.de,Female,30.46.25.193
626,Asia,Fairpo,afairpohd@linkedin.com,Female,73.251.113.185
627,Base,Albinson,balbinsonhe@creativecommons.org,Bigender,216.168.91.130
628,Morten,Gatteridge,mgatteridgehf@miibeian.gov.cn,Male,136.94.159.154
629,Oran,Diviney,odivineyhg@usnews.com,Male,158.87.250.88
630,Babita,Bratcher,bbratcherhh@businessweek.com,Female,106.41.22.160
631,Janenna,Huddleston,jhuddlestonhi@mozilla.com,Female,158.196.171.41
632,Keith,Dixon,kdixonhj@devhub.com,Male,21.202.51.29
633,Sapphira,Benettolo,sbenettolohk@mozilla.org,Female,98.240.36.232
634,Randy,De Launde,rdelaundehl@ocn.ne.jp,Male,111.164.204.204
635,Bailey,Torre,btorrehm@marriott.com,Male,206.80.63.213
636,Pavel,Fetherston,pfetherstonhn@tuttocitta.it,Male,19.111.79.206
637,Loraine,Eyer,leyerho@comcast.net,Female,255.32.127.87
638,Warner,Wollrauch,wwollrauchhp@bing.com,Male,184.41.200.6
639,Dollie,Donnel,ddonnelhq@theatlantic.com,Female,3.96.4.28
640,Greggory,Cholton,gcholtonhr@xinhuanet.com,Male,199.158.157.149
641,Lemar,Domegan,ldomeganhs@businessinsider.com,Male,67.73.232.69
642,Karim,Levy,klevyht@usgs.gov,Male,0.246.36.68
643,Deny,Harkin,dharkinhu@yellowpages.com,Female,70.188.35.104
644,Mommy,Weedenburg,mweedenburghv@flickr.com,Female,138.8.39.221
645,Lenee,Mabbitt,lmabbitthw@istockphoto.com,Female,125.67.236.157
646,Padgett,Sheppard,psheppardhx@nature.com,Male,182.16.186.61
647,Donielle,Piell,dpiellhy@squidoo.com,Female,72.105.79.117
648,Lorenzo,Fedder,lfedderhz@ovh.net,Male,67.218.214.38
649,Gabriell,Sloley,gsloleyi0@washingtonpost.com,Female,115.204.144.246
650,Udell,Kirsopp,ukirsoppi1@wix.com,Agender,183.127.85.25
651,Paxon,Stiger,pstigeri2@mail.ru,Male,152.183.56.29
652,Karel,Scrowby,kscrowbyi3@mayoclinic.com,Female,221.75.200.140
653,Novelia,Rountree,nrountreei4@stumbleupon.com,Female,38.158.186.16
654,Martha,Izkoveski,mizkoveskii5@google.ru,Female,35.118.103.209
655,Lorraine,Humbert,lhumberti6@symantec.com,Female,211.207.73.191
656,Lin,Herley,lherleyi7@springer.com,Female,247.159.146.102
657,Dorey,Espinoza,despinozai8@cloudflare.com,Male,47.119.224.8
658,Pansie,Farish,pfarishi9@google.pl,Female,185.230.124.231
659,Hilary,Cammis,hcammisia@msn.com,Male,144.70.38.236
660,Jacquetta,O'Shee,josheeib@simplemachines.org,Female,8.216.34.101
661,Daryl,Sesser,dsesseric@cafepress.com,Female,101.226.127.47
662,Chrissy,Petrashov,cpetrashovid@weibo.com,Male,49.38.142.248
663,Addie,Mertgen,amertgenie@slate.com,Agender,133.226.136.35
664,Alana,Telfer,atelferif@mlb.com,Female,110.97.236.250
665,Glen,Tidbury,gtidburyig@rediff.com,Male,223.183.245.104
666,Dev,Vescovo,dvescovoih@va.gov,Male,207.52.217.82
667,Netta,Phillput,nphillputii@lycos.com,Female,17.11.156.32
668,Jannelle,Crosson,jcrossonij@indiegogo.com,Female,87.219.205.157
669,Gris,Jzhakov,gjzhakovik@who.int,Male,20.33.45.195
670,Anthea,Janc,ajancil@nba.com,Female,253.33.79.251
671,Teodoro,Sawood,tsawoodim@imageshack.us,Male,163.210.124.33
672,Dalia,Gregoire,dgregoirein@furl.net,Genderfluid,15.118.239.254
673,Craig,Wildgoose,cwildgooseio@diigo.com,Male,139.238.212.82
674,Iseabal,Bockings,ibockingsip@themeforest.net,Polygender,254.255.207.84
675,Kiel,Jalland,kjallandiq@phoca.cz,Male,247.105.64.163
676,Kaspar,Pahlsson,kpahlssonir@bravesites.com,Male,108.255.75.184
677,Delbert,Ohm,dohmis@indiatimes.com,Male,218.8.12.125
678,Allys,Grisbrook,agrisbrookit@usda.gov,Female,100.172.160.255
679,Nanice,Cabell,ncabelliu@woothemes.com,Female,237.27.190.64
680,Bradney,Brooksbank,bbrooksbankiv@webnode.com,Male,198.30.99.177
681,Sophie,Row,srowiw@apache.org,Female,74.246.240.25
682,Smith,Climer,sclimerix@blogs.com,Male,24.173.30.180
683,Justin,Currington,jcurringtoniy@nymag.com,Male,31.39.12.212
684,Ursuline,Christley,uchristleyiz@spotify.com,Female,156.210.74.21
685,Edwina,Temperley,etemperleyj0@theguardian.com,Female,76.103.89.15
686,Trace,Iddy,tiddyj1@apple.com,Male,188.131.17.184
687,Justen,Jeratt,jjerattj2@auda.org.au,Male,43.119.179.167
688,Noelle,Jonuzi,njonuzij3@taobao.com,Female,16.159.19.205
689,Wells,Jillings,wjillingsj4@privacy.gov.au,Male,138.230.221.177
690,Elisha,Kegg,ekeggj5@hc360.com,Female,108.232.102.135
691,Maridel,Alderson,maldersonj6@nih.gov,Female,231.72.184.218
692,Timmi,Halwill,thalwillj7@discovery.com,Female,6.184.244.93
693,Tracie,Longrigg,tlongriggj8@gnu.org,Male,110.235.47.245
694,Lori,Demchen,ldemchenj9@hugedomains.com,Female,40.2.240.53
695,Berni,Ludwig,bludwigja@ustream.tv,Female,244.212.202.118
696,Bernhard,Lukesch,blukeschjb@who.int,Male,205.135.155.132
697,Fey,McParlin,fmcparlinjc@stumbleupon.com,Female,74.194.95.145
698,Gilly,Saltsberger,gsaltsbergerjd@illinois.edu,Female,97.34.63.186
699,Benedikta,Lesslie,blesslieje@amazon.co.uk,Female,8.173.230.18
700,Almeda,Paradise,aparadisejf@wunderground.com,Bigender,88.81.190.207
701,Mar,Mateev,mmateevjg@bravesites.com,Male,25.186.173.57
702,Cathe,Enga,cengajh@google.cn,Female,9.198.94.167
703,Ulrica,Camidge,ucamidgeji@cdbaby.com,Genderqueer,104.229.79.246
704,Chan,Govett,cgovettjj@so-net.ne.jp,Male,194.46.224.143
705,Bear,Kuhnke,bkuhnkejk@usatoday.com,Male,137.62.70.61
706,Sharline,Marmion,smarmionjl@apache.org,Female,89.163.19.157
707,Hayes,Menat,hmenatjm@weibo.com,Male,107.220.66.77
708,Cosme,Veighey,cveigheyjn@cyberchimps.com,Male,229.116.184.171
709,Fanechka,Fettiplace,ffettiplacejo@soundcloud.com,Female,184.36.126.236
710,Ramsey,Baterip,rbateripjp@example.com,Male,249.178.49.113
711,Rosemonde,Batt,rbattjq@wikispaces.com,Polygender,31.162.46.138
712,Jarvis,Yusupov,jyusupovjr@techcrunch.com,Male,226.55.152.175
713,Melania,Holston,mholstonjs@wsj.com,Female,60.128.157.124
714,Adriane,Puddicombe,apuddicombejt@themeforest.net,Female,156.87.161.205
715,Madelon,Weeke,mweekeju@de.vu,Female,80.219.52.221
716,Brynn,Clissett,bclissettjv@wordpress.org,Female,46.78.160.31
717,Dag,Oki,dokijw@nyu.edu,Male,229.163.146.134
718,Muriel,Jamison,mjamisonjx@histats.com,Female,23.95.199.195
719,Helge,McAllaster,hmcallasterjy@springer.com,Female,229.36.221.233
720,Mozelle,Firmin,mfirminjz@mlb.com,Female,71.66.86.87
721,Stern,Casemore,scasemorek0@gravatar.com,Male,78.67.15.177
722,Adrianna,Blease,ableasek1@joomla.org,Genderfluid,137.83.240.56
723,Brigitta,Labrum,blabrumk2@friendfeed.com,Female,195.29.160.219
724,Bridget,Narrie,bnarriek3@icq.com,Non-binary,48.21.172.110
725,Perrine,Liddicoat,pliddicoatk4@linkedin.com,Female,79.183.128.84
726,Waring,Trever,wtreverk5@yellowbook.com,Male,216.240.95.78
727,Elva,Fritzer,efritzerk6@twitpic.com,Female,204.138.38.114
728,Carolan,Matthews,cmatthewsk7@example.com,Female,223.149.89.236
729,Manolo,Gulleford,mgullefordk8@amazon.co.jp,Genderfluid,35.140.79.42
730,Conant,Pantone,cpantonek9@wordpress.org,Male,202.170.255.197
731,Raphael,Jaggar,rjaggarka@cpanel.net,Male,62.222.82.152
732,Derwin,Hinks,dhinkskb@lulu.com,Genderfluid,239.222.193.135
733,Daveen,Kiessel,dkiesselkc@ucoz.ru,Female,186.227.226.80
734,Hercule,McAnellye,hmcanellyekd@tamu.edu,Male,64.240.85.82
735,Kiley,McKea,kmckeake@flickr.com,Male,34.187.159.197
736,Curtis,Storror,cstorrorkf@devhub.com,Male,39.204.194.213
737,Zacharias,Gatling,zgatlingkg@soundcloud.com,Male,48.160.234.169
738,Carry,Rodwell,crodwellkh@ebay.co.uk,Female,38.182.220.255
739,Petra,Barnard,pbarnardki@addtoany.com,Agender,201.13.191.133
740,Constantino,Runcie,crunciekj@cafepress.com,Non-binary,26.220.43.91
741,Laurens,Mussared,lmussaredkk@amazon.co.jp,Male,79.67.2.198
742,Yasmeen,Legon,ylegonkl@1688.com,Female,203.118.27.217
743,Bathsheba,Ketchen,bketchenkm@about.com,Female,75.186.53.68
744,Hadley,Bolsteridge,hbolsteridgekn@wikia.com,Male,98.104.125.183
745,Taryn,Belcham,tbelchamko@ucoz.ru,Female,246.11.96.177
746,Tabbitha,Stirley,tstirleykp@creativecommons.org,Female,252.73.191.106
747,Winfield,Farnsworth,wfarnsworthkq@usatoday.com,Male,184.135.142.147
748,Barron,Hurburt,bhurburtkr@hexun.com,Male,127.2.184.36
749,Wylie,Hynes,whynesks@sina.com.cn,Male,129.171.187.95
750,Colleen,Sagg,csaggkt@livejournal.com,Genderqueer,196.51.27.77
751,Jaquelin,Baldassi,jbaldassiku@ocn.ne.jp,Non-binary,48.57.219.209
752,Louise,Lafond,llafondkv@artisteer.com,Female,226.160.177.207
753,Noami,Morrice,nmorricekw@aol.com,Female,226.51.26.75
754,Karel,Winscom,kwinscomkx@sciencedirect.com,Female,231.101.122.192
755,Lawrence,Bettley,lbettleyky@artisteer.com,Male,255.92.4.86
756,Myer,Rockliffe,mrockliffekz@vinaora.com,Male,166.23.211.73
757,Von,Lambe,vlambel0@youtube.com,Male,214.230.29.76
758,Matt,Garford,mgarfordl1@howstuffworks.com,Male,17.138.120.4
759,Andros,Burnie,aburniel2@nasa.gov,Genderfluid,128.182.132.252
760,Rosalia,Chalcroft,rchalcroftl3@zimbio.com,Genderqueer,102.53.93.189
761,Gilbertine,Creane,gcreanel4@home.pl,Female,44.42.36.140
762,Idalia,Ciepluch,iciepluchl5@telegraph.co.uk,Female,251.111.153.58
763,Fredek,Ruane,fruanel6@businessweek.com,Male,135.39.48.159
764,Bealle,Grugerr,bgrugerrl7@arstechnica.com,Male,153.61.200.193
765,Aylmar,Harken,aharkenl8@hibu.com,Male,117.127.8.27
766,Carley,Gostyke,cgostykel9@trellian.com,Female,237.46.201.43
767,Cherin,Botfield,cbotfieldla@spiegel.de,Female,5.82.158.242
768,Carolus,Bohl,cbohllb@shop-pro.jp,Male,76.212.117.254
769,Brock,Jiroutka,bjiroutkalc@independent.co.uk,Male,101.71.159.179
770,Ealasaid,Jeffcoat,ejeffcoatld@sakura.ne.jp,Female,1.182.164.202
771,Briana,Stenton,bstentonle@tiny.cc,Bigender,240.99.38.188
772,Elliott,Kalinovich,ekalinovichlf@engadget.com,Male,23.31.205.214
773,Ara,Pohlke,apohlkelg@e-recht24.de,Male,229.65.101.12
774,Bibi,Radden,braddenlh@mtv.com,Female,211.216.20.4
775,Whit,Hugli,whuglili@irs.gov,Male,229.47.130.88
776,Staffard,Farrear,sfarrearlj@irs.gov,Male,134.128.152.81
777,Nannette,Larmett,nlarmettlk@dropbox.com,Bigender,29.137.16.156
778,Loretta,Low,llowll@senate.gov,Female,179.176.202.246
779,Burton,Rawcliffe,brawcliffelm@a8.net,Male,142.209.174.147
780,Elbertina,Wilsher,ewilsherln@myspace.com,Female,168.6.178.6
781,Rosaline,Bockman,rbockmanlo@forbes.com,Female,109.234.225.40
782,Bucky,Oliveto,bolivetolp@biblegateway.com,Male,65.15.188.43
783,Ragnar,Tummasutti,rtummasuttilq@ebay.com,Male,16.160.205.164
784,Jesse,Van T'Hoog,jvanthooglr@phoca.cz,Male,112.209.109.48
785,Silvan,Farloe,sfarloels@simplemachines.org,Agender,36.108.147.1
786,Morgan,Bousler,mbouslerlt@census.gov,Male,45.42.111.124
787,Donall,Gentry,dgentrylu@uiuc.edu,Male,61.196.2.71
788,Wilone,Silly,wsillylv@google.nl,Female,127.17.63.40
789,Stuart,Macrae,smacraelw@de.vu,Male,2.251.60.47
790,Waring,Greig,wgreiglx@theatlantic.com,Male,217.237.187.204
791,Phyllida,Gabriely,pgabrielyly@weather.com,Female,226.119.130.93
792,Brander,Mariot,bmariotlz@discuz.net,Male,176.69.126.4
793,Peyter,Rountree,prountreem0@skype.com,Male,191.203.116.98
794,Tedie,New,tnewm1@yolasite.com,Male,214.18.114.114
795,Lynde,Dredge,ldredgem2@google.com,Female,31.98.63.212
796,Duff,Cammock,dcammockm3@huffingtonpost.com,Male,121.192.38.226
797,Odie,Delmonti,odelmontim4@examiner.com,Male,119.217.105.225
798,Dex,Clubbe,dclubbem5@wufoo.com,Male,118.78.18.240
799,Patin,MacCafferky,pmaccafferkym6@microsoft.com,Male,47.248.69.76
800,Ree,Clementel,rclementelm7@sohu.com,Agender,208.101.254.252
801,Shanon,Dutt,sduttm8@miibeian.gov.cn,Female,129.90.0.249
802,Ynez,Crace,ycracem9@boston.com,Female,47.140.206.220
803,Forrester,Jewell,fjewellma@cloudflare.com,Male,55.16.126.143
804,Tarra,Mingus,tmingusmb@cnn.com,Female,138.5.246.52
805,Alexandrina,Tremontana,atremontanamc@google.com.br,Female,106.166.119.212
806,Kelby,Lyal,klyalmd@google.co.uk,Agender,32.92.168.16
807,Francesca,Roebuck,froebuckme@gravatar.com,Female,47.132.33.160
808,Hattie,D'Aulby,hdaulbymf@netvibes.com,Female,45.61.22.251
809,Papagena,Cotherill,pcotherillmg@deliciousdays.com,Female,16.97.251.85
810,Colene,De Gregoli,cdegregolimh@elegantthemes.com,Female,239.45.73.147
811,Alexander,Slimmon,aslimmonmi@wsj.com,Male,146.251.71.22
812,Gale,Kenelin,gkenelinmj@php.net,Male,252.83.7.47
813,Haily,Hursey,hhurseymk@google.com.au,Male,58.216.41.73
814,Lind,Brawley,lbrawleyml@chicagotribune.com,Male,68.124.59.202
815,Dill,Abramovitch,dabramovitchmm@trellian.com,Male,62.185.141.150
816,Lamar,Brimicombe,lbrimicombemn@wufoo.com,Male,195.152.222.67
817,York,Calveley,ycalveleymo@blogtalkradio.com,Male,199.156.233.38
818,Elroy,Cool,ecoolmp@yahoo.com,Male,189.65.50.237
819,Alec,Hulburd,ahulburdmq@fema.gov,Male,124.48.212.212
820,Earle,Joint,ejointmr@umn.edu,Male,140.154.213.119
821,Sawyere,Tuther,stutherms@dot.gov,Male,40.45.84.80
822,Elset,Yglesias,eyglesiasmt@yahoo.co.jp,Female,34.223.171.158
823,Laetitia,Kach,lkachmu@psu.edu,Female,246.53.223.205
824,Mathilda,Winear,mwinearmv@nature.com,Female,238.249.36.181
825,Raynor,Langshaw,rlangshawmw@who.int,Non-binary,45.195.82.84
826,Issy,Verrall,iverrallmx@oracle.com,Female,99.87.171.8
827,Gerome,Meys,gmeysmy@hostgator.com,Male,209.81.206.36
828,Yettie,Eldered,yelderedmz@sakura.ne.jp,Female,137.243.188.96
829,Ardys,Dosdale,adosdalen0@behance.net,Bigender,23.19.219.186
830,Sergei,Lanchberry,slanchberryn1@harvard.edu,Male,42.187.54.238
831,Hank,Lathe,hlathen2@apple.com,Male,125.115.168.185
832,Ann-marie,Levensky,alevenskyn3@histats.com,Female,250.8.214.185
833,Ludovico,McGreary,lmcgrearyn4@flickr.com,Male,185.87.214.247
834,Pattie,Cleeton,pcleetonn5@mit.edu,Female,238.241.125.214
835,Chryste,Philippon,cphilipponn6@artisteer.com,Female,230.167.186.211
836,Emmet,Rival,erivaln7@ted.com,Male,159.149.51.90
837,Hedi,Salman,hsalmann8@shareasale.com,Female,29.231.212.43
838,Rinaldo,Swansbury,rswansburyn9@goo.ne.jp,Genderfluid,11.212.222.55
839,Thornton,Trangmar,ttrangmarna@virginia.edu,Male,139.15.85.25
840,Farleigh,Ianitti,fianittinb@tinyurl.com,Male,160.77.254.236
841,Xerxes,Joscelyn,xjoscelynnc@dion.ne.jp,Non-binary,181.3.105.90
842,Smitty,Bortolazzi,sbortolazzind@dagondesign.com,Male,70.115.190.82
843,Mordy,Bickford,mbickfordne@discuz.net,Male,87.135.36.224
844,Lillian,Durman,ldurmannf@lulu.com,Female,51.203.210.151
845,Elle,Estrella,eestrellang@comcast.net,Female,110.227.58.160
846,Renard,Morena,rmorenanh@jigsy.com,Male,226.73.0.101
847,Pauli,Doghartie,pdoghartieni@webs.com,Female,88.230.248.230
848,Freddy,Boomes,fboomesnj@skype.com,Male,120.220.159.130
849,Christabella,Cuddehy,ccuddehynk@sitemeter.com,Female,43.64.47.89
850,Quinton,Colleran,qcollerannl@feedburner.com,Male,68.38.239.130
851,Reese,Rist,rristnm@youtu.be,Male,212.89.38.128
852,Wakefield,Howorth,whoworthnn@hugedomains.com,Male,85.234.70.216
853,Rem,Gisbey,rgisbeyno@ustream.tv,Male,124.199.32.139
854,Darice,Widdall,dwiddallnp@sogou.com,Female,175.88.239.4
855,Cecil,Auger,caugernq@webmd.com,Bigender,120.171.174.88
856,Brent,Bottomer,bbottomernr@webeden.co.uk,Agender,172.235.74.156
857,Rick,Moggle,rmogglens@unicef.org,Non-binary,213.153.151.95
858,Kalle,Ilem,kilemnt@aol.com,Male,246.119.54.80
859,Mella,Dive,mdivenu@github.com,Female,141.118.97.241
860,Sue,Labusquiere,slabusquierenv@yandex.ru,Female,134.133.38.81
861,Nikki,Janku,njankunw@wunderground.com,Male,162.90.67.76
862,Arron,Wehner,awehnernx@un.org,Male,199.165.172.216
863,Lizabeth,Asbery,lasberyny@baidu.com,Female,157.103.181.213
864,Lina,Baddeley,lbaddeleynz@army.mil,Female,38.42.42.113
865,Tanney,Gonnel,tgonnelo0@reference.com,Male,48.18.88.28
866,Chancey,Saynor,csaynoro1@rediff.com,Male,92.53.21.200
867,Harli,Van der Beek,hvanderbeeko2@biblegateway.com,Female,193.27.123.162
868,Ethe,Habbeshaw,ehabbeshawo3@google.ru,Male,130.39.233.218
869,Adler,Stenett,astenetto4@tinypic.com,Bigender,227.167.213.189
870,Britte,Sach,bsacho5@sohu.com,Female,66.10.235.50
871,Linn,Scarlon,lscarlono6@sfgate.com,Male,163.34.177.148
872,Boone,Callis,bcalliso7@earthlink.net,Male,98.204.6.207
873,Cyrill,Baldinotti,cbaldinottio8@businesswire.com,Male,154.9.93.6
874,Jareb,Whaley,jwhaleyo9@tiny.cc,Male,239.16.80.29
875,Arin,Braisher,abraisheroa@ycombinator.com,Male,131.176.78.106
876,Pall,Ferris,pferrisob@wunderground.com,Male,99.108.105.216
877,Nadya,Bodell,nbodelloc@wordpress.com,Female,68.99.149.170
878,Cordy,Prickett,cprickettod@boston.com,Male,217.222.86.157
879,Lewiss,Priddis,lpriddisoe@usgs.gov,Male,123.229.55.100
880,Marrilee,Le feaver,mlefeaverof@joomla.org,Female,52.103.213.29
881,Fawnia,Virgoe,fvirgoeog@utexas.edu,Genderfluid,163.186.247.69
882,Aldrich,Walkley,awalkleyoh@biblegateway.com,Male,192.123.49.153
883,Jessa,Riediger,jriedigeroi@aboutads.info,Female,28.198.246.200
884,Elianore,Klosser,eklosseroj@usgs.gov,Female,8.221.54.243
885,Marinna,Heyworth,mheyworthok@ow.ly,Genderqueer,139.77.180.223
886,Arline,Stother,astotherol@cam.ac.uk,Female,57.82.99.214
887,Stacey,Thomassin,sthomassinom@deviantart.com,Female,144.36.144.59
888,Moina,Blazewicz,mblazewiczon@blogspot.com,Female,13.141.53.28
889,Leicester,Elleray,lellerayoo@nifty.com,Male,30.54.139.73
890,Georgianne,Faveryear,gfaveryearop@digg.com,Female,112.69.163.75
891,Constantia,Pitcock,cpitcockoq@netlog.com,Female,61.165.84.136
892,Rhona,Glossup,rglossupor@gmpg.org,Genderqueer,162.134.8.133
893,Aindrea,Yarham,ayarhamos@google.cn,Female,72.250.254.204
894,Kile,Klyn,kklynot@buzzfeed.com,Male,32.124.92.239
895,Norean,Madner,nmadnerou@goodreads.com,Bigender,255.27.32.180
896,Kermit,Beetlestone,kbeetlestoneov@bloglovin.com,Male,125.219.83.244
897,Sherm,Dootson,sdootsonow@ebay.com,Male,61.141.207.97
898,Elliot,Jory,ejoryox@ycombinator.com,Male,136.220.43.194
899,Gwynne,Siccombe,gsiccombeoy@nsw.gov.au,Female,88.203.28.222
900,Noreen,Quaife,nquaifeoz@microsoft.com,Female,152.110.243.216
901,Bethany,Leport,bleportp0@myspace.com,Female,131.177.244.96
902,Bud,Pillington,bpillingtonp1@gmpg.org,Male,130.139.226.224
903,Tyler,Hateley,thateleyp2@redcross.org,Male,99.77.188.19
904,Deloria,Capenor,dcapenorp3@reddit.com,Female,242.244.145.198
905,Harwell,Ashbe,hashbep4@aol.com,Male,86.218.138.128
906,Durand,Winterbottom,dwinterbottomp5@answers.com,Male,46.158.145.178
907,Morse,Kidman,mkidmanp6@constantcontact.com,Genderqueer,237.11.254.62
908,Darn,Abbots,dabbotsp7@sciencedaily.com,Male,133.234.154.235
909,Cindelyn,Willowby,cwillowbyp8@craigslist.org,Female,74.39.76.206
910,Dallis,Northin,dnorthinp9@google.es,Male,45.81.200.93
911,Irv,Ritzman,iritzmanpa@flavors.me,Male,18.2.151.81
912,Pennie,Midlane,pmidlanepb@guardian.co.uk,Male,129.59.138.207
913,Roshelle,Pretsell,rpretsellpc@theglobeandmail.com,Female,224.10.110.215
914,Blithe,Bartocci,bbartoccipd@purevolume.com,Genderqueer,60.93.111.29
915,Anselm,Pobjoy,apobjoype@nytimes.com,Genderfluid,181.244.111.29
916,Florence,Percifer,fperciferpf@wikipedia.org,Female,4.112.38.223
917,Shauna,Farrey,sfarreypg@ox.ac.uk,Female,172.213.170.3
918,Selle,Kilner,skilnerph@google.com.br,Female,239.65.229.4
919,Pammie,Nani,pnanipi@sciencedirect.com,Female,41.70.188.189
920,Prince,Cleatherow,pcleatherowpj@de.vu,Male,73.5.150.142
921,Ruthe,Klos,rklospk@cyberchimps.com,Female,131.107.6.2
922,Rutledge,Annice,rannicepl@squidoo.com,Male,12.190.107.195
923,Belia,Trubshawe,btrubshawepm@pen.io,Female,255.30.119.131
924,Sammie,Marney,smarneypn@issuu.com,Male,144.169.58.46
925,Leola,Skarman,lskarmanpo@tiny.cc,Female,101.25.102.128
926,Giusto,Sarney,gsarneypp@woothemes.com,Male,139.55.77.185
927,Malissia,Landall,mlandallpq@friendfeed.com,Female,114.18.186.117
928,Ray,Henningham,rhenninghampr@bloglines.com,Female,198.84.95.47
929,Thomasina,Connop,tconnopps@bigcartel.com,Female,182.192.9.78
930,Albrecht,Tattoo,atattoopt@noaa.gov,Male,40.125.253.248
931,Gian,Wilkie,gwilkiepu@hatena.ne.jp,Polygender,251.151.207.76
932,Carver,Currington,ccurringtonpv@hexun.com,Male,7.159.134.74
933,Fabe,Gott,fgottpw@amazon.com,Male,13.110.25.245
934,Kym,Knappitt,kknappittpx@goodreads.com,Bigender,191.148.143.174
935,Leoline,Woollin,lwoollinpy@cafepress.com,Female,42.187.89.6
936,Timmy,Hedgeman,thedgemanpz@joomla.org,Female,222.233.175.3
937,Collen,Badder,cbadderq0@posterous.com,Female,230.147.196.241
938,Lois,Bence,lbenceq1@newyorker.com,Female,252.163.35.69
939,Darcy,Yakov,dyakovq2@imdb.com,Male,1.199.8.223
940,Lucilia,Saintpierre,lsaintpierreq3@studiopress.com,Female,133.57.31.236
941,Yule,Rettie,yrettieq4@live.com,Male,120.158.84.165
942,Wiatt,Golden,wgoldenq5@archive.org,Male,241.63.88.224
943,Garrick,Bonevant,gbonevantq6@mtv.com,Male,50.138.96.136
944,Cathleen,Sinncock,csinncockq7@time.com,Female,211.72.139.115
945,Bobby,Rossant,brossantq8@gizmodo.com,Male,230.254.85.7
946,Carley,Myderscough,cmyderscoughq9@flavors.me,Female,164.203.199.66
947,Geralda,Peschka,gpeschkaqa@wiley.com,Female,152.254.95.208
948,Tanny,Butterfield,tbutterfieldqb@hud.gov,Male,17.171.98.186
949,Israel,Yushankin,iyushankinqc@sphinn.com,Male,225.204.49.77
950,Byram,Mival,bmivalqd@businessweek.com,Male,3.36.56.164
951,Amabel,Jurewicz,ajurewiczqe@stumbleupon.com,Polygender,122.45.65.248
952,Carma,Huws,chuwsqf@buzzfeed.com,Female,30.189.26.194
953,Misha,Considine,mconsidineqg@instagram.com,Female,184.248.107.240
954,Felicle,Hearons,fhearonsqh@youku.com,Female,136.234.172.150
955,Vivi,Lukas,vlukasqi@toplist.cz,Female,139.140.127.166
956,Caldwell,Rousel,crouselqj@lycos.com,Male,246.191.33.181
957,Zena,Dobrowolski,zdobrowolskiqk@netvibes.com,Female,151.218.198.25
958,Suellen,Eacle,seacleql@prnewswire.com,Female,28.223.59.23
959,Diena,Sporgeon,dsporgeonqm@xrea.com,Female,15.198.254.52
960,Frances,Akroyd,fakroydqn@baidu.com,Female,255.216.127.37
961,Denis,Itzcak,ditzcakqo@imdb.com,Male,153.233.164.205
962,Blondelle,Maplestone,bmaplestoneqp@acquirethisname.com,Female,244.24.210.27
963,Roger,Downs,rdownsqq@rakuten.co.jp,Male,128.196.106.83
964,Dorelle,Piburn,dpiburnqr@bluehost.com,Female,73.144.232.20
965,Kaine,Kruse,kkruseqs@go.com,Male,11.194.122.164
966,Elsi,Kubatsch,ekubatschqt@tinypic.com,Female,83.42.29.223
967,Christabel,Goodhew,cgoodhewqu@usnews.com,Female,98.213.15.26
968,Wilhelm,Taye,wtayeqv@mit.edu,Male,66.234.22.10
969,Kizzie,Simonian,ksimonianqw@sciencedaily.com,Female,120.49.131.167
970,Rebekah,Mahony,rmahonyqx@xinhuanet.com,Polygender,147.225.161.249
971,Brandise,Penhale,bpenhaleqy@yellowpages.com,Female,152.150.5.21
972,Iormina,Latliff,ilatliffqz@reuters.com,Female,235.108.47.214
973,Wynn,Sulter,wsulterr0@buzzfeed.com,Male,218.196.38.35
974,Bay,Coule,bcouler1@uol.com.br,Male,53.163.47.16
975,Hirsch,Upchurch,hupchurchr2@dailymotion.com,Male,38.88.36.210
976,Tyne,Muldoon,tmuldoonr3@ca.gov,Female,116.148.210.162
977,Antoinette,Lawden,alawdenr4@cam.ac.uk,Female,99.25.174.9
978,Riordan,Ingledow,ringledowr5@google.com.br,Male,245.43.31.125
979,Farris,Giorgiutti,fgiorgiuttir6@wisc.edu,Genderfluid,243.180.169.145
980,Timotheus,Volkes,tvolkesr7@alibaba.com,Male,85.186.126.242
981,Jacob,Terzi,jterzir8@bluehost.com,Male,40.89.119.30
982,Elvina,Burdin,eburdinr9@loc.gov,Female,43.115.26.244
983,Moyra,Gaishson,mgaishsonra@slashdot.org,Female,56.198.69.216
984,Riley,Coxall,rcoxallrb@fastcompany.com,Male,146.52.69.165
985,Baryram,Korneluk,bkornelukrc@histats.com,Male,174.116.93.22
986,Billye,Van Rembrandt,bvanrembrandtrd@moonfruit.com,Female,16.77.144.3
987,Rhona,Raylton,rrayltonre@networkadvertising.org,Female,96.161.13.55
988,Ceil,Nowlan,cnowlanrf@geocities.com,Female,247.160.178.114
989,Sheeree,Zelake,szelakerg@seesaa.net,Female,251.126.0.170
990,Tabatha,Blythin,tblythinrh@google.cn,Female,120.181.189.83
991,Tate,Tucsell,ttucsellri@geocities.com,Male,41.4.106.166
992,Hildegaard,Kiezler,hkiezlerrj@cbsnews.com,Female,253.24.134.186
993,Kelley,Attrey,kattreyrk@earthlink.net,Female,139.118.202.252
994,Quinta,Rentilll,qrentilllrl@bbc.co.uk,Female,218.230.137.225
995,Lawton,Geffe,lgefferm@yahoo.com,Male,7.241.140.197
996,Karna,Elias,keliasrn@cloudflare.com,Female,214.167.34.18
997,Shaine,Hanna,shannaro@godaddy.com,Female,143.198.38.32
998,Shanon,Ivanyutin,sivanyutinrp@adobe.com,Female,158.94.206.198
999,Coriss,Tesche,ctescherq@zimbio.com,Female,39.138.141.146
1000,Melamie,Kirsz,mkirszrr@yale.edu,Female,78.182.205.216
